link_name,link
Aaron bounces out Prasad first ball,
Aaron bounces out Prasad first ball,
Restrained Dhawan tunes out the noise,
New-look sides brace for early-season clash,
Khawaja leads Australia A's strong start,
Mitchell Marsh seeks lessons from Ashes chaos,
Break from keeping helped Sangakkara thrive,
SL out of step with Ashwin's rhythm,
Ashton Agar to face England again,
Rod Marsh tells batsmen to be more 'selfish',
"Agarwal, Pandey tons secure final berth",
Willey's fastest 100 sinks Sussex,
Our style of play gives us best chance - Hesson,
Can Steven Smith be the great unifier?,
Chappell calls for change in domestic system,
Worker's debut 62 gives NZ dominant win,
Worker's debut 62 gives NZ dominant win,/sri-lanka-v-india-2015/content/story/908991.html
Worker's debut 62 gives NZ dominant win,/sri-lanka-v-india-2015/content/story/908991.html
Worker's debut 62 gives NZ dominant win,/sri-lanka-v-india-2015/content/story/909255.html
Worker's debut 62 gives NZ dominant win,/zimbabwe-south-africa-v-new-zealand-2015/content/story/909205.html
Worker's debut 62 gives NZ dominant win,/ci/content/video_audio/909081.html
Worker's debut 62 gives NZ dominant win,/ci/content/story/909181.html
Worker's debut 62 gives NZ dominant win,/sri-lanka-v-india-2015/content/story/908483.html
Worker's debut 62 gives NZ dominant win,/sri-lanka-v-india-2015/content/story/908835.html
Worker's debut 62 gives NZ dominant win,/the-ashes-2015/content/story/908593.html
Worker's debut 62 gives NZ dominant win,/the-ashes-2015/content/story/908617.html
Worker's debut 62 gives NZ dominant win,/a-team-tri-series-2015/content/story/909167.html
Worker's debut 62 gives NZ dominant win,/county-cricket-2015/content/story/908957.html
Worker's debut 62 gives NZ dominant win,/zimbabwe-south-africa-v-new-zealand-2015/content/story/908489.html
Worker's debut 62 gives NZ dominant win,/the-ashes-2015/content/story/908187.html
Worker's debut 62 gives NZ dominant win,/australia/content/story/908285.html
Worker's debut 62 gives NZ dominant win,/zimbabwe-south-africa-v-new-zealand-2015/content/story/908053.html
link_name,link
Aaron bounces out Prasad first ball,
Aaron bounces out Prasad first ball,
Restrained Dhawan tunes out the noise,
New-look sides brace for early-season clash,
Khawaja leads Australia A's strong start,
Mitchell Marsh seeks lessons from Ashes chaos,
Break from keeping helped Sangakkara thrive,
SL out of step with Ashwin's rhythm,
Ashton Agar to face England again,
Rod Marsh tells batsmen to be more 'selfish',
"Agarwal, Pandey tons secure final berth",
Willey's fastest 100 sinks Sussex,
Our style of play gives us best chance - Hesson,
Can Steven Smith be the great unifier?,
Chappell calls for change in domestic system,
Worker's debut 62 gives NZ dominant win,
Worker's debut 62 gives NZ dominant win,/sri-lanka-v-india-2015/content/story/908991.html
Worker's debut 62 gives NZ dominant win,/sri-lanka-v-india-2015/content/story/908991.html
Worker's debut 62 gives NZ dominant win,/sri-lanka-v-india-2015/content/story/909255.html
Worker's debut 62 gives NZ dominant win,/zimbabwe-south-africa-v-new-zealand-2015/content/story/909205.html
Worker's debut 62 gives NZ dominant win,/ci/content/video_audio/909081.html
Worker's debut 62 gives NZ dominant win,/ci/content/story/909181.html
Worker's debut 62 gives NZ dominant win,/sri-lanka-v-india-2015/content/story/908483.html
Worker's debut 62 gives NZ dominant win,/sri-lanka-v-india-2015/content/story/908835.html
Worker's debut 62 gives NZ dominant win,/the-ashes-2015/content/story/908593.html
Worker's debut 62 gives NZ dominant win,/the-ashes-2015/content/story/908617.html
Worker's debut 62 gives NZ dominant win,/a-team-tri-series-2015/content/story/909167.html
Worker's debut 62 gives NZ dominant win,/county-cricket-2015/content/story/908957.html
Worker's debut 62 gives NZ dominant win,/zimbabwe-south-africa-v-new-zealand-2015/content/story/908489.html
Worker's debut 62 gives NZ dominant win,/the-ashes-2015/content/story/908187.html
Worker's debut 62 gives NZ dominant win,/australia/content/story/908285.html
Worker's debut 62 gives NZ dominant win,/zimbabwe-south-africa-v-new-zealand-2015/content/story/908053.html
